PDB,Pairs,Ballview
T0769TS006_1.pdb,9.942666666666597,225600823200.5695
T0769TS008_1.pdb,-47.618095238094575,71740.62742617262
T0769TS011_1.pdb,-53.1626666666661,68550.4117162511
T0769TS014_1.pdb,-78.6080476190489,68591.47366651426
